question,context,answer 
 This tool is designed to create a customized machine learning model for each usecase to answer questions and inquiries in your own way, where you can build a complete machine learning model by feeding data that includes questions and answers in addition to the context of the conversation in the model and then we train it after that

,This tool is designed to create a customized machine learning model for each usecase to answer questions and inquiries in your own way, where you can build a complete machine learning model by feeding data that includes questions and answers in addition to the context of the conversation in the model and then we train it after that


,This tool is designed to create a customized machine learning model for each usecase to answer questions and inquiries in your own way, where you can build a complete machine learning model by feeding data that includes questions and answers in addition to the context of the conversation in the model and then we train it after that


This tool is designed to create a customized machine learning model for each usecase to answer questions and inquiries in your own way, where you can build a complete machine learning model by feeding data that includes questions and answers in addition to the context of the conversation in the model and then we train it after that

,This tool is designed to create a customized machine learning model for each usecase to answer questions and inquiries in your own way, where you can build a complete machine learning model by feeding data that includes questions and answers in addition to the context of the conversation in the model and then we train it after that


,This tool is designed to create a customized machine learning model for each usecase to answer questions and inquiries in your own way, where you can build a complete machine learning model by feeding data that includes questions and answers in addition to the context of the conversation in the model and then we train it after that


This tool is designed to create a customized machine learning model for each usecase to answer questions and inquiries in your own way, where you can build a complete machine learning model by feeding data that includes questions and answers in addition to the context of the conversation in the model and then we train it after that

,
,This tool is designed to create a customized machine learning model for each usecase to answer questions and inquiries in your own way, where you can build a complete machine learning model by feeding data that includes questions and answers in addition to the context of the conversation in the model and then we train it after that


This tool is designed to create a customized machine learning model for each usecase to answer questions and inquiries in your own way, where you can build a complete machine learning model by feeding data that includes questions and answers in addition to the context of the conversation in the model and then we train it after that

,This tool is designed to create a customized machine learning model for each usecase to answer questions and inquiries in your own way, where you can build a complete machine learning model by feeding data that includes questions and answers in addition to the context of the conversation in the model and then we train it after that


,This tool is designed to create a customized machine learning model for each usecase to answer questions and inquiries in your own way, where you can build a complete machine learning model by feeding data that includes questions and answers in addition to the context of the conversation in the model and then we train it after that

